epoch,temp,train_corr,val_corr,train_corr_loss,val_corr_loss,actor_loss,critic_loss,design_var
1,1.0,tensor(0.0096),-0.2864721690018972,tensor(0.9904),1.2864721690018972,0.08517258148026048,0.01592487448159923,0.0013628310275247745
2,1.0,tensor(-0.0040),-0.2977160251935323,tensor(1.0040),1.2977160251935322,-0.6032481378421449,0.015995475831071273,0.0013814322966265312
3,1.0,tensor(0.0122),0.3111742612918218,tensor(0.9878),0.6888257387081782,0.4661447749221534,0.015124463896034158,0.001393070728093255
4,1.0,tensor(0.0484),0.2998137981891632,tensor(0.9516),0.7001862018108368,0.26789055198535583,0.017289961092219624,0.0013157883785305578
5,1.0,tensor(0.1223),0.5817315462430318,tensor(0.8777),0.4182684537569682,1.6194586487067373,0.016067191062976122,0.0014384808483974714
6,1.0,tensor(0.2881),-1.1426384389778833e-09,tensor(0.7119),1.0000000011426384,0.5700994435778836,0.013758168809118041,0.0018884074707727944
7,1.0,tensor(0.3042),-1.1426384389778833e-09,tensor(0.6958),1.0000000011426384,0.19017651352547763,0.011744706729501399,0.0014716965579999644
8,1.0,tensor(0.4019),1.1426384389778833e-09,tensor(0.5981),0.9999999988573616,0.15004375350266172,0.010693400591670772,0.0016320740719685297
9,1.0,tensor(0.4125),-1.1426384389778833e-09,tensor(0.5875),1.0000000011426384,0.39842888684440075,0.009148711370818149,0.0020400690226897336
10,1.0,tensor(0.3991),-0.47201218978563947,tensor(0.6009),1.4720121897856395,-0.556067138575671,0.01119903912559516,0.0018969500086090543
11,1.0,tensor(0.4057),-1.1426384389778833e-09,tensor(0.5943),1.0000000011426384,0.48942991691723203,0.011981371910402678,0.001724067778212198
12,1.0,tensor(0.4771),0.6879625857671102,tensor(0.5229),0.3120374142328898,0.5249433501059549,0.008664071856908947,0.0018586992647237422
13,1.0,tensor(0.5533),0.5326331427892049,tensor(0.4467),0.4673668572107951,0.21614995793606107,0.006988015756879994,0.0019364830948935265
14,1.0,tensor(0.6023),0.3476198581059774,tensor(0.3977),0.6523801418940226,0.056658731501353414,0.005320333192017522,0.002218320868680613
15,1.0,tensor(0.6036),-0.25490967007478077,tensor(0.3964),1.2549096700747808,0.06060528480640629,0.005129327405473629,0.002079569760481255
16,1.0,tensor(0.6224),0.598854666074117,tensor(0.3776),0.40114533392588303,0.06455545796009532,0.005370940574292658,0.0022273367347783947
17,1.0,tensor(0.5486),0.6390721313158672,tensor(0.4514),0.36092786868413285,0.11913598879387505,0.007006962581344915,0.001407115360215437
18,1.0,tensor(0.6124),0.5039236602783204,tensor(0.3876),0.49607633972167964,0.12465595106771543,0.005756829427699867,0.0020705066102050377
19,1.0,tensor(0.6221),0.46653160921732584,tensor(0.3779),0.5334683907826742,-0.044105045963797655,0.005155845531399871,0.002571873457089328
20,1.0,tensor(0.6178),0.6805374539693196,tensor(0.3822),0.31946254603068036,0.13880597572577627,0.005229895545905213,0.002550425635503703
21,1.0,tensor(0.6324),0.6812353854179383,tensor(0.3676),0.31876461458206173,0.1046649552688264,0.004867318370704265,0.0025701969796955064
22,1.0,tensor(0.6349),0.7332788287798564,tensor(0.3651),0.2667211712201436,0.07928632208652664,0.005201695682205881,0.002226428801438918
23,1.0,tensor(0.5959),0.7189193339347839,tensor(0.4041),0.2810806660652161,0.055516248480269786,0.0066906834564499805,0.000903258133279323
24,1.0,tensor(0.6304),0.7857954065004985,tensor(0.3696),0.2142045934995015,0.03719132158852983,0.00503125949647598,0.0005300548179892071
25,1.0,tensor(0.6182),0.6950367573102315,tensor(0.3818),0.3049632426897685,0.053600521413903486,0.0069149599422379925,0.0005148219794214687
26,1.0,tensor(0.6190),0.7244216926892598,tensor(0.3810),0.2755783073107402,0.11164369759068155,0.006187252485469128,0.0008215054963764391
27,1.0,tensor(0.6734),0.7565331230163574,tensor(0.3266),0.24346687698364256,0.04054549254581594,0.003708272589452806,0.0007484106451861168
28,1.0,tensor(0.6788),0.7096182270050049,tensor(0.3212),0.2903817729949951,0.0106915384792445,0.004062812578764333,0.0013219759349400798
29,1.0,tensor(0.6442),0.6201741129557292,tensor(0.3558),0.3798258870442708,0.022891133787339195,0.004304967726173505,0.0007248824257567002
30,1.0,tensor(0.6621),0.7575509664217631,tensor(0.3379),0.24244903357823688,0.0651978833121166,0.0051315166423390015,0.000587959877746343
31,1.0,tensor(0.6907),0.7972454369862875,tensor(0.3093),0.20275456301371253,0.04484288756961101,0.00428435294237646,0.0009132146256028168
32,1.0,tensor(0.6983),0.7030639247894287,tensor(0.3017),0.2969360752105713,0.004689200564189569,0.004905868766377416,0.0011458365878972568
33,1.0,tensor(0.6336),0.755206502755483,tensor(0.3664),0.24479349724451704,0.020819152318333325,0.006679690828880842,0.0003919207126743634
34,1.0,tensor(0.6692),0.7199509771664937,tensor(0.3308),0.2800490228335063,0.006819103794139728,0.00451786003770773,0.0008332511192808549
35,1.0,tensor(0.6712),0.7553202797571819,tensor(0.3288),0.24467972024281814,0.03503619451637854,0.004069684565603606,0.0015169779425486922
36,1.0,tensor(0.6548),0.6596856768925985,tensor(0.3452),0.3403143231074015,-0.1378389242186881,0.005965147963444843,0.0018723169712088349
37,1.0,tensor(0.6630),0.7603439402580261,tensor(0.3370),0.2396560597419739,0.22799837005870385,0.004714056214469581,0.002181127360515427
38,1.0,tensor(0.7058),0.7845817883809407,tensor(0.2942),0.21541821161905927,0.06259428589176713,0.003312105087285808,0.0018754043924507865
39,1.0,tensor(0.6631),0.7078647314707438,tensor(0.3369),0.2921352685292562,-0.02673343941765396,0.005501479105657496,0.001741538484221357
40,1.0,tensor(0.6763),0.7722549750010173,tensor(0.3237),0.22774502499898275,0.015004003460469999,0.004240589219807999,0.0012937231121846198
41,1.0,tensor(0.6515),0.6865434206326803,tensor(0.3485),0.31345657936731974,-0.03362526419915651,0.005983388312748406,0.0017177468539101251
42,1.0,tensor(0.6638),0.6672876942952474,tensor(0.3362),0.33271230570475263,0.010079570918229589,0.005555794616822719,0.0020796663702808715
43,1.0,tensor(0.6952),0.7696719056765239,tensor(0.3048),0.23032809432347612,0.051310930381471845,0.004200295265739594,0.0018555128061980531
44,1.0,tensor(0.6515),0.6111914421717326,tensor(0.3485),0.3888085578282674,-0.07125218322088844,0.0076190042935236225,0.001439577532450162
45,1.0,tensor(0.6281),0.7028586538632711,tensor(0.3719),0.29714134613672893,0.06911286681890488,0.007137809727193535,0.0015460634922706768
46,1.0,tensor(0.6553),0.7814323941866557,tensor(0.3447),0.21856760581334433,0.03671542034860243,0.006112683961648452,0.0015615817163662428
47,1.0,tensor(0.6988),0.7478290363947551,tensor(0.3012),0.25217096360524494,-0.024154471475827066,0.004717849823930584,0.0012082039000825924
48,1.0,tensor(0.6921),0.7969291361172994,tensor(0.3079),0.20307086388270057,0.03296976308825246,0.004913909786005446,0.0012180857899304674
49,1.0,tensor(0.7248),0.7828333716392517,tensor(0.2752),0.2171666283607483,0.0013863447922886464,0.0038425899107049732,0.0013954824208723088
50,1.0,tensor(0.7352),0.8325821730295817,tensor(0.2648),0.1674178269704183,0.04812071804414716,0.0035246068466109745,0.0016293471920908542
51,1.0,tensor(0.7736),0.8064637842178345,tensor(0.2264),0.1935362157821655,-0.004866563235981423,0.002721463370524393,0.0021781322930923158
52,1.0,tensor(0.7661),0.80582350842158,tensor(0.2339),0.19417649157841999,0.013753677353655036,0.002704097103316144,0.0023000917839899396
53,1.0,tensor(0.7867),0.8166248127619425,tensor(0.2133),0.18337518723805746,0.008439322534360383,0.0035084193792686165,0.0021859007105558066
54,1.0,tensor(0.7523),0.7765993096033732,tensor(0.2477),0.2234006903966268,-0.0021660275825282982,0.003643652789370096,0.0013452937187332856
55,1.0,tensor(0.7844),0.7865553220113118,tensor(0.2156),0.21344467798868816,0.010610019572798097,0.0029929326777152487,0.001573512963721888
56,1.0,tensor(0.7793),0.8158539028167725,tensor(0.2207),0.1841460971832275,0.009487564102468784,0.002989959061942436,0.0031285992319646633
57,1.0,tensor(0.7827),0.7962163147926331,tensor(0.2173),0.2037836852073669,8.110496009650984e-05,0.0025951489768761653,0.0021780642256990336
58,1.0,tensor(0.7615),0.8118012390136718,tensor(0.2385),0.18819876098632815,0.007422670004922047,0.0029051728006382433,0.0015419139387412813
59,1.0,tensor(0.7581),0.7677031550407409,tensor(0.2419),0.23229684495925906,-0.004711343981456339,0.003320037712927563,0.0016419270642085426
60,1.0,tensor(0.6159),0.7152272327740987,tensor(0.3841),0.2847727672259013,0.0028401307372147577,0.009852350308407455,0.0004746435962315126
61,1.0,tensor(0.7125),0.8151851213773091,tensor(0.2875),0.18481487862269086,0.030205308129651505,0.005427912968851551,0.0009181939085063181
62,1.0,tensor(0.7629),0.799141287167867,tensor(0.2371),0.20085871283213297,-0.004354679658486132,0.0026485737704616966,0.001697784605615756
63,1.0,tensor(0.7947),0.8323660031954447,tensor(0.2053),0.16763399680455526,0.008231195274282966,0.002187341931757587,0.0016088184298980132
64,1.0,tensor(0.7298),0.7976235998471578,tensor(0.2702),0.2023764001528422,-0.001018728965729998,0.0028296315432905367,0.0012518900267845183
65,1.0,tensor(0.7726),0.8345255937576294,tensor(0.2274),0.16547440624237064,0.011459606032818556,0.002831806829304449,0.0012331847162557797
66,1.0,tensor(0.7887),0.7765293903350831,tensor(0.2113),0.22347060966491694,-0.001337224508129191,0.0027728264395043864,0.0013690757878092035
67,1.0,tensor(0.7657),0.8323822932243348,tensor(0.2343),0.16761770677566523,0.006679700878105666,0.003111960105843608,0.0009491833669966773
68,1.0,tensor(0.8024),0.8196817706425985,tensor(0.1976),0.1803182293574015,0.0006265537712535119,0.002102138732880257,0.0015672982896825201
69,1.0,tensor(0.8224),0.8366467030843099,tensor(0.1776),0.16335329691569012,0.0018358378646274407,0.0020857229812194927,0.0020256134954428203
70,1.0,tensor(0.8149),0.8413296925226847,tensor(0.1851),0.15867030747731525,-0.0021564484188300475,0.0025434883064529524,0.001951941303957842
71,1.0,tensor(0.8232),0.8331301593780518,tensor(0.1768),0.1668698406219482,0.002661161685591204,0.0018339630900970263,0.0019425112798385192
72,1.0,tensor(0.8186),0.8542701493899028,tensor(0.1814),0.14572985061009724,0.0023020050932506197,0.0020655892380068985,0.0016726161338584988
73,1.0,tensor(0.8047),0.8237802942593893,tensor(0.1953),0.17621970574061074,-0.00024959708529671555,0.0021410873776004785,0.0011719651525480706
74,1.0,tensor(0.8199),0.85053799533844,tensor(0.1801),0.14946200466156,0.0006561547760247138,0.0018710551365194365,0.0008451630729495695
75,1.0,tensor(0.7770),0.8358882638613383,tensor(0.2230),0.1641117361386617,0.00233196122993372,0.0025600352610015186,0.0009627702118371401
76,1.0,tensor(0.8223),0.8173265236218771,tensor(0.1777),0.18267347637812292,0.0006885167638436287,0.0018991516230485582,0.000937483275423578
77,1.0,tensor(0.7584),0.8236973430315654,tensor(0.2416),0.1763026569684346,0.0020384401144753947,0.0036381127154413422,0.0007213933691545798
78,1.0,tensor(0.8233),0.8618995054562887,tensor(0.1767),0.13810049454371132,-0.0006465913826567039,0.0016763772415778508,0.00148607410617957
79,1.0,tensor(0.8366),0.8051331135431925,tensor(0.1634),0.1948668864568075,-0.0004937023439428262,0.001674886532505122,0.0014843788200074382
80,1.0,tensor(0.7511),0.7787777875264486,tensor(0.2489),0.22122221247355145,-0.0016331823268219043,0.00366293093829224,0.0005721554094353658
81,1.0,tensor(0.7636),0.8230059994061788,tensor(0.2364),0.1769940005938212,0.004483333159434168,0.0037735174273232893,0.0004533203332766629
82,1.0,tensor(0.8367),0.8605545528729757,tensor(0.1633),0.13944544712702434,0.001054620450591309,0.0013445814364005312,0.0013645248569286706
83,1.0,tensor(0.7993),0.7888390062650045,tensor(0.2007),0.21116099373499553,-0.0020732399295819433,0.0025685486790919146,0.0008205896757886206
84,1.0,tensor(0.7878),0.7814061767260233,tensor(0.2122),0.2185938232739767,-0.0034025784521772152,0.002798405246431158,0.0005811535358192039
85,1.0,tensor(0.8167),0.8483079632123312,tensor(0.1833),0.15169203678766885,0.008066451642531575,0.0023989250049340515,0.0008745638559359991
86,1.0,tensor(0.8233),0.856396138827006,tensor(0.1767),0.14360386117299395,0.0026488955091815767,0.00197325447178504,0.0010789352762431168
87,1.0,tensor(0.8357),0.8595108669598898,tensor(0.1643),0.14048913304011024,-0.0031501178908766364,0.0015868861133721383,0.0011094199164133323
88,1.0,tensor(0.8540),0.850269659837087,tensor(0.1460),0.14973034016291298,-0.0010932933328705922,0.001249470608802376,0.002168810330984885
89,1.0,tensor(0.8647),0.8718263556162517,tensor(0.1353),0.12817364438374834,0.00451061212206096,0.001083369761819612,0.0019268422312054194
90,1.0,tensor(0.8461),0.8365275012652079,tensor(0.1539),0.16347249873479208,-0.005670139386661743,0.0015953475581830692,0.001694378930454453
91,1.0,tensor(0.7997),0.8280753013292949,tensor(0.2003),0.17192469867070514,-0.007551941237167308,0.0022921729970964743,0.000730434630785072
92,1.0,tensor(0.8528),0.8546752473513285,tensor(0.1472),0.1453247526486715,0.00441897974679606,0.0011948500881843469,0.001409556313564903
93,1.0,tensor(0.8620),0.8740977258682251,tensor(0.1380),0.1259022741317749,0.001698154321430545,0.0011450322808829233,0.0018910743403656963
94,1.0,tensor(0.8495),0.8579472500483195,tensor(0.1505),0.1420527499516805,0.000779644786541579,0.0013000933322882063,0.0015507457830142557
95,1.0,tensor(0.8515),0.8706069553693135,tensor(0.1485),0.12939304463068646,-0.0020144066229920115,0.0011328213912416016,0.0020721347983926534
96,1.0,tensor(0.8637),0.8770164318084717,tensor(0.1363),0.12298356819152834,0.0015502252292802982,0.001101522652325712,0.0017660555718956809
97,1.0,tensor(0.8472),0.8047731493314108,tensor(0.1528),0.19522685066858925,-0.007216506748215148,0.0012452462856890633,0.0015168533868630204
98,1.0,tensor(0.8687),0.8877215801874797,tensor(0.1313),0.11227841981252029,0.005790243408136201,0.001125350169445339,0.0014617129905933612
99,1.0,tensor(0.8764),0.8813054351806641,tensor(0.1236),0.11869456481933593,-0.0016042033695664844,0.0009024981651337727,0.0013886599149228187
100,1.0,tensor(0.8653),0.8749566461245218,tensor(0.1347),0.12504335387547816,0.0005858620045198078,0.001242220637023421,0.0013682735804305002
101,1.0,tensor(0.8483),0.8247881848017374,tensor(0.1517),0.17521181519826257,0.0002973474172646539,0.001210593742577761,0.0012835177477008026
102,1.0,tensor(0.8250),0.8618056136767069,tensor(0.1750),0.13819438632329306,0.0018163078388958973,0.0013696764115630653,0.0008418297674833683
103,1.0,tensor(0.8550),0.8789921590487162,tensor(0.1450),0.12100784095128381,0.001156911959414158,0.0010082225724723335,0.0014391295040973968
104,1.0,tensor(0.8420),0.7838592564264933,tensor(0.1580),0.21614074357350666,-0.003793225724821943,0.0015054588676470812,0.0011147794056961542
105,1.0,tensor(0.6518),0.802094759941101,tensor(0.3482),0.19790524005889898,0.011284690507148441,0.010149478381992563,0.00019955084318082713
106,1.0,tensor(0.8386),0.8358729419708252,tensor(0.1614),0.16412705802917482,0.0022266679325124673,0.0014977473102796162,0.000978733130673502
107,1.0,tensor(0.8325),0.8119018357594808,tensor(0.1675),0.18809816424051917,-0.0015706991667352747,0.0015951673475751145,0.0008006328495153993
108,1.0,tensor(0.8382),0.872772701104482,tensor(0.1618),0.12722729889551798,0.0024619261636807206,0.0014861072332468402,0.000721143216025411
109,1.0,tensor(0.8709),0.8725782996813456,tensor(0.1291),0.1274217003186544,2.9324737156888373e-05,0.0011007686303744363,0.0018163885221277412
110,1.0,tensor(0.8508),0.8700174250602722,tensor(0.1492),0.12998257493972776,9.144608248351959e-05,0.0009391732176436802,0.00279581344193011
111,1.0,tensor(0.8433),0.8220474915504455,tensor(0.1567),0.17795250844955446,-0.0015766993902231517,0.0010953397580329022,0.0025642624020805224
112,1.0,tensor(0.8519),0.8859795958201091,tensor(0.1481),0.1140204041798909,0.002073113477086289,0.0009647832154585143,0.0019504757261622633
113,1.0,tensor(0.8689),0.8739997245470683,tensor(0.1311),0.1260002754529317,-0.00032917578629495804,0.0011111147195408688,0.0016152681748039628
114,1.0,tensor(0.8614),0.8694216128985087,tensor(0.1386),0.13057838710149128,-0.0012584131953649615,0.0010761939962127113,0.002085239026270676
115,1.0,tensor(0.8489),0.8677632163365682,tensor(0.1511),0.13223678366343183,0.0002810572291266892,0.0010641563417757025,0.002292399897828306
116,1.0,tensor(0.8168),0.8362164855003357,tensor(0.1832),0.16378351449966433,0.0007254571724486979,0.001405695225495157,0.0015212677091752229
117,1.0,tensor(0.8283),0.8334692848523458,tensor(0.1717),0.16653071514765416,0.0007482334897412281,0.0011875789406855498,0.001334694988551762
118,1.0,tensor(0.8350),0.8554037768046061,tensor(0.1650),0.1445962231953939,0.001107101536690862,0.0011271396852269454,0.0014089991945217836
119,1.0,tensor(0.8458),0.8463147700627645,tensor(0.1542),0.15368522993723555,0.0007875567813354887,0.0012048004685915928,0.0012794970740776575
120,1.0,tensor(0.8355),0.8498170626958211,tensor(0.1645),0.15018293730417887,0.0001441163035567131,0.0010651711344774157,0.0012467740354242555
121,1.0,tensor(0.8526),0.8533279269536336,tensor(0.1474),0.14667207304636642,0.0015240746324457098,0.0012024055318571188,0.001193465725551441
122,1.0,tensor(0.8581),0.8629377638498942,tensor(0.1419),0.13706223615010582,-0.0021139389788241763,0.0012582802180146372,0.0012371991162613166
123,1.0,tensor(0.8710),0.8863360471725464,tensor(0.1290),0.11366395282745356,-0.0004319670001665751,0.0011583417762901598,0.0015484116022850861
124,1.0,tensor(0.8394),0.840942651907603,tensor(0.1606),0.15905734809239702,-0.0009611979935220198,0.0010139297071695772,0.0017784649439874971
125,1.0,tensor(0.7943),0.8075996486345927,tensor(0.2057),0.19240035136540734,0.0017811075898271315,0.0016500214181962946,0.0013908511337317657
126,1.0,tensor(0.8181),0.8018539725939433,tensor(0.1819),0.1981460274060567,-0.00011856182419343672,0.0013613822290989958,0.0010557581683653487
127,1.0,tensor(0.8229),0.8504929157892863,tensor(0.1771),0.14950708421071368,0.0018409540988433403,0.001620963393752526,0.0010289078507931871
128,1.0,tensor(0.8534),0.8685629529953003,tensor(0.1466),0.13143704700469971,0.0013305832084693145,0.0010539398063071467,0.001569620796087149
129,1.0,tensor(0.8655),0.8749390076001485,tensor(0.1345),0.12506099239985147,0.0008441656652772635,0.0008514664871783457,0.0016807561307786065
130,1.0,tensor(0.8565),0.8767393822669983,tensor(0.1435),0.12326061773300168,0.00032043801822389167,0.0010561448592719452,0.0012253422968808497
131,1.0,tensor(0.8566),0.8776446868578593,tensor(0.1434),0.12235531314214065,0.001055493707233517,0.0010720610438200214,0.0015222639198692743
132,1.0,tensor(0.8691),0.8857485904693604,tensor(0.1309),0.11425140953063961,0.0006767332264418273,0.0010160842212675115,0.0014747737652965282
133,1.0,tensor(0.8615),0.8681545379956563,tensor(0.1385),0.13184546200434366,-0.000847412737641941,0.0009905011827066102,0.0015063529556388394
134,1.0,tensor(0.8487),0.8701241898536682,tensor(0.1513),0.12987581014633176,0.0011560518476180731,0.0011972722384869469,0.0013714904899529198
135,1.0,tensor(0.8684),0.8674732707341513,tensor(0.1316),0.13252672926584874,0.0006128154143429639,0.0011627245190072898,0.0013327142583500397
136,1.0,tensor(0.8597),0.8548036556243896,tensor(0.1403),0.14519634437561035,-0.0005069486372695681,0.000989850009430691,0.001608185683409765
137,1.0,tensor(0.8561),0.8716567497253418,tensor(0.1439),0.1283432502746582,0.0007510242111523423,0.0010476047211138968,0.0015416990217605704
138,1.0,tensor(0.8772),0.8799936997095744,tensor(0.1228),0.12000630029042558,0.00040108966292699046,0.0008696210346244873,0.0014333330692821427
139,1.0,tensor(0.8728),0.8785299768447876,tensor(0.1272),0.12147002315521238,0.0002753819220437946,0.0009292963762948347,0.001024110266154534
140,1.0,tensor(0.8630),0.874152630329132,tensor(0.1370),0.12584736967086796,-0.0020437823285822544,0.0013078553610914416,0.0008848907033128566
141,1.0,tensor(0.8662),0.862576565583547,tensor(0.1338),0.137423434416453,-0.0005825582550054318,0.0009668833399945103,0.0009673670293812297
142,1.0,tensor(0.8591),0.8547073135375977,tensor(0.1409),0.14529268646240234,0.00033941190126106927,0.001091812335897374,0.0005751529888560374
143,1.0,tensor(0.8394),0.8208342653910319,tensor(0.1606),0.17916573460896812,-0.0014690568839003772,0.0014411255415146338,0.00035549291827013355
144,1.0,tensor(0.7061),0.7166796048482259,tensor(0.2939),0.2833203951517741,0.00049773518803219,0.006174752485686432,8.391777632462899e-05
145,1.0,tensor(0.7133),0.7511579020818074,tensor(0.2867),0.24884209791819256,0.000599577686324585,0.0037001591029929603,5.132944388989065e-05
146,1.0,tensor(0.8214),0.8322491121292114,tensor(0.1786),0.16775088787078862,0.002337027335425087,0.0016737917846930861,0.00025889516254200745
147,1.0,tensor(0.8405),0.8653068521817525,tensor(0.1595),0.13469314781824748,0.00011605260520356527,0.001359203690522128,0.00036438915367532324
148,1.0,tensor(0.8716),0.8775531620979309,tensor(0.1284),0.12244683790206912,-0.0003543762629688309,0.000761481839162722,0.0009998409939733775
149,1.0,tensor(0.8748),0.8761402044296265,tensor(0.1252),0.12385979557037352,-0.0009339789611720399,0.0008247175234317326,0.0013759103403998571
150,1.0,tensor(0.7646),0.6787543829282124,tensor(0.2354),0.32124561707178756,-0.004207926617412452,0.00574966396414465,0.0007331140912635755
151,1.0,tensor(0.5653),0.6668632610638936,tensor(0.4347),0.3331367389361064,0.00014842441346161393,0.0175223660173898,4.926059090697284e-06
152,1.0,tensor(0.6870),0.7070917930603028,tensor(0.3130),0.2929082069396972,0.0001394762911245619,0.002488950487708767,1.3716949759614898e-05
153,1.0,tensor(0.8069),0.8784788970947266,tensor(0.1931),0.1215211029052734,0.003932900170044026,0.0017306091979981,0.0004889041017883931
154,1.0,tensor(0.8565),0.8393355887730917,tensor(0.1435),0.16066441122690833,-0.0016145786979335785,0.000936298377698206,0.0006204811265986217
155,1.0,tensor(0.8387),0.838419621626536,tensor(0.1613),0.16158037837346395,-5.8393154456688645e-05,0.0010819381507214307,0.00030041276228516116
156,1.0,tensor(0.8655),0.8462518229484558,tensor(0.1345),0.1537481770515442,0.00022855029238812757,0.0010893275972847045,0.0008672071836333265
157,1.0,tensor(0.8703),0.8729639476140341,tensor(0.1297),0.12703605238596594,0.00018727345200124802,0.000996590789116214,0.0008086835293205488
158,1.0,tensor(0.8408),0.8773694766362509,tensor(0.1592),0.12263052336374913,-0.00016107714582610418,0.001246124106361916,0.0006441721266274454
159,1.0,tensor(0.8747),0.8823994642893473,tensor(0.1253),0.11760053571065265,-0.0002687527605969655,0.0008560550313674084,0.0008487515721077982
160,1.0,tensor(0.8727),0.8402069058418274,tensor(0.1273),0.15979309415817256,-0.0018020553334063152,0.0007687193215738102,0.0014465000849347889
161,1.0,tensor(0.8709),0.8786022694905599,tensor(0.1291),0.12139773050944014,0.0007737967480268133,0.0007358494093981184,0.0016980555759612144
162,1.0,tensor(0.8754),0.8703528814315796,tensor(0.1246),0.12964711856842037,-0.0008081013611926321,0.0008050416503194452,0.0011914430714310392
163,1.0,tensor(0.8731),0.8802641488711039,tensor(0.1269),0.11973585112889606,-0.0003455186599677657,0.0007721954397324576,0.001284200574058974
164,1.0,tensor(0.8770),0.8658099053700765,tensor(0.1230),0.13419009462992348,-0.00022709948053224044,0.0007864739785579507,0.0014348715373086172
165,1.0,tensor(0.8478),0.8903502655029297,tensor(0.1522),0.10964973449707027,-0.00025933046638965606,0.0015661042022078171,0.0009302805145761292
166,1.0,tensor(0.8808),0.8723416352272033,tensor(0.1192),0.12765836477279668,-0.000745940078376678,0.0009730499891400445,0.0013594674967686857
167,1.0,tensor(0.8653),0.8823681850433349,tensor(0.1347),0.11763181495666508,-0.00014894928941666557,0.0011036167681008839,0.0010381259289325069
168,1.0,tensor(0.8729),0.8784344328244528,tensor(0.1271),0.12156556717554723,0.00015527330303826092,0.0009297898157615156,0.0009412380701028987
169,1.0,tensor(0.8829),0.8888049888610839,tensor(0.1171),0.11119501113891606,-0.00032917965383252553,0.0008287940862143219,0.0011325161443827183
170,1.0,tensor(0.8742),0.8663042624791463,tensor(0.1258),0.13369573752085373,-0.0005526788214031656,0.0009115487479337294,0.0008262310818393241
171,1.0,tensor(0.8697),0.8920110074679056,tensor(0.1303),0.10798899253209437,0.0006025791776309345,0.0012613159177245555,0.0007317519084011254
172,1.0,tensor(0.8795),0.8760746885935465,tensor(0.1205),0.12392531140645346,-0.0003682826169880859,0.0009234597965631573,0.0009397695513703582
173,1.0,tensor(0.8566),0.8872084094683329,tensor(0.1434),0.1127915905316671,6.324312510785827e-05,0.0012971774569136311,0.0007578622211228337
174,1.0,tensor(0.8797),0.8767391843795777,tensor(0.1203),0.12326081562042235,-0.0004552115398017984,0.0006898037384208979,0.0017247667748219611
175,1.0,tensor(0.8857),0.8976313161849976,tensor(0.1143),0.10236868381500241,4.726536875884784e-05,0.0008022021402712757,0.0019271982637021625
176,1.0,tensor(0.8900),0.897880763689677,tensor(0.1100),0.10211923631032305,-0.0006485100621194171,0.0007901949915190655,0.001469775650290805
177,1.0,tensor(0.8929),0.8959422369003296,tensor(0.1071),0.10405776309967041,-0.00017102856669378908,0.0007788288729313472,0.0012504797435218566
178,1.0,tensor(0.8931),0.89402499071757,tensor(0.1069),0.10597500928242998,-4.649145674091159e-05,0.0007987206417775157,0.001477315712229986
179,1.0,tensor(0.8805),0.8897468422253927,tensor(0.1195),0.11025315777460731,-0.00018847062761421528,0.000689719046598049,0.0017575319403488384
180,1.0,tensor(0.8838),0.8825948131879171,tensor(0.1162),0.1174051868120829,-0.00036665972052632196,0.0008117049736472182,0.002102184368444509
181,1.0,tensor(0.8825),0.8828249328931173,tensor(0.1175),0.11717506710688275,-0.0004281972827095734,0.0006405951058091456,0.0025583376265866193
182,1.0,tensor(0.8751),0.8824928620656332,tensor(0.1249),0.11750713793436685,-0.00015583830612727947,0.0007905702270381561,0.002726308267040734
183,1.0,tensor(0.8787),0.8816469731330872,tensor(0.1213),0.11835302686691285,-0.00026643890704502137,0.0007910237483262168,0.001653980044942153
184,1.0,tensor(0.8879),0.8909104132652282,tensor(0.1121),0.10908958673477176,-0.0006417223867110647,0.0007148959712600963,0.0021276362155024943
185,1.0,tensor(0.8879),0.8802098299662272,tensor(0.1121),0.11979017003377279,-0.000849146089761665,0.0007926032894977955,0.001729719717382339
186,1.0,tensor(0.8938),0.897800227801005,tensor(0.1062),0.10219977219899501,-0.001001621600485554,0.000763190037567886,0.00150640057140079
187,1.0,tensor(0.8975),0.8973798287709555,tensor(0.1025),0.10262017122904454,-0.0005900563748814819,0.0005869956491422734,0.0015295719026931023
188,1.0,tensor(0.8292),0.8065767475763956,tensor(0.1708),0.19342325242360436,-0.001270375659735516,0.0017684359370936157,0.0005167180128281184
189,1.0,tensor(0.8295),0.8323823806444803,tensor(0.1705),0.16761761935551966,-0.00023264854682074338,0.0012289694598995292,0.0003814884033462588
190,1.0,tensor(0.8403),0.8059309487342834,tensor(0.1597),0.1940690512657166,0.00013955303193315078,0.0013474638246152768,0.00041526924379235296
191,1.0,tensor(0.8330),0.8389680523872376,tensor(0.1670),0.1610319476127624,0.00017484799319093949,0.0016170664337835006,0.0003570669993202676
192,1.0,tensor(0.8447),0.8585983683268229,tensor(0.1553),0.1414016316731771,0.0002838258031232838,0.0013012510504149999,0.0004564438852922697
193,1.0,tensor(0.8624),0.8785739682515462,tensor(0.1376),0.12142603174845379,-0.0003806374748237431,0.0013538699850935924,0.0005291323518511235
194,1.0,tensor(0.8843),0.9018095703125,tensor(0.1157),0.09819042968750002,9.870932814093274e-05,0.0006921430034753062,0.0010110085461811538
195,1.0,tensor(0.8968),0.8926913245519003,tensor(0.1032),0.10730867544809974,-0.0007691114332298176,0.0008024056160981689,0.0009069582142115554
196,1.0,tensor(0.8964),0.9040368642807007,tensor(0.1036),0.09596313571929926,-2.870037192642166e-05,0.0007337369182610497,0.0008895034632367784
197,1.0,tensor(0.8940),0.9005712890625,tensor(0.1060),0.09942871093750005,-0.0003260445287369453,0.0006600366877116692,0.0009019332070132358
198,1.0,tensor(0.8919),0.9002991886138916,tensor(0.1081),0.09970081138610842,-8.799449895230825e-05,0.0008092494602057597,0.0010479537435202746
199,1.0,tensor(0.8974),0.9004830012321472,tensor(0.1026),0.0995169987678528,-6.196859116224866e-05,0.0005459424554908589,0.001261067946547675
200,1.0,tensor(0.8903),0.9029127058982849,tensor(0.1097),0.09708729410171513,0.0001566307833826725,0.0007353009670051394,0.0008698883815750219
201,1.0,tensor(0.8987),0.8918419869740805,tensor(0.1013),0.10815801302591954,-0.0005720109463559071,0.0007137193932050666,0.0012901139009515183
202,1.0,tensor(0.8644),0.8780003051757812,tensor(0.1356),0.1219996948242188,-0.00020978366074013408,0.0008500842793373123,0.0009791501758522109
203,1.0,tensor(0.8912),0.8946675666173299,tensor(0.1088),0.10533243338267007,4.672226335867635e-05,0.0006475740273664694,0.001071290919214095
204,1.0,tensor(0.8780),0.871048723856608,tensor(0.1220),0.12895127614339197,-0.0004649323413655031,0.00054242813949245,0.0011706719202920794
205,1.0,tensor(0.8929),0.9035925704638164,tensor(0.1071),0.09640742953618364,0.00030041300944918603,0.0005918619340930873,0.0012927231776217619
206,1.0,tensor(0.9002),0.9064322358767192,tensor(0.0998),0.09356776412328083,-0.0005027988974960815,0.000674737152552672,0.0012425924155272936
207,1.0,tensor(0.8974),0.9069450364112854,tensor(0.1026),0.09305496358871457,-0.00023091266106552722,0.0005880412676990745,0.0014235407195723894
208,1.0,tensor(0.8994),0.9037734208106994,tensor(0.1006),0.09622657918930055,-0.0005680687557742522,0.0005964945087448461,0.0014879802655951497
209,1.0,tensor(0.9044),0.9100020354588827,tensor(0.0956),0.0899979645411173,-0.00031937764270084076,0.0005695674920491975,0.0015492359762030996
210,1.0,tensor(0.8979),0.8726162414550781,tensor(0.1021),0.1273837585449219,-0.000583395245464584,0.0006168967537452868,0.0016143460669963245
211,1.0,tensor(0.8924),0.9054509290059407,tensor(0.1076),0.09454907099405929,-0.00011055753004263368,0.0007882954895710913,0.0012726537297528826
212,1.0,tensor(0.9034),0.8853159095446269,tensor(0.0966),0.11468409045537309,-0.000215287866258765,0.0006485572332504218,0.0014542970201654132
213,1.0,tensor(0.8989),0.9042412411371867,tensor(0.1011),0.09575875886281326,-0.0002982007284085021,0.0006932571148265612,0.0010815958474648365
214,1.0,tensor(0.8978),0.9097470539410909,tensor(0.1022),0.0902529460589091,0.00023638150146794752,0.0005822763406156794,0.0009999440809744492
215,1.0,tensor(0.9085),0.912644040107727,tensor(0.0915),0.08735595989227296,-0.0006637539934334263,0.0005369297163874443,0.0014891156748982899
216,1.0,tensor(0.9107),0.9095273044904073,tensor(0.0893),0.0904726955095927,-0.00045206902636697093,0.000463762980817815,0.0016651015954353568
217,1.0,tensor(0.9059),0.9032672073046366,tensor(0.0941),0.09673279269536339,-0.00014161212236636826,0.0005524633041594778,0.0018128173726104332
218,1.0,tensor(0.8982),0.9016027561823527,tensor(0.1018),0.09839724381764725,-0.0001490592093272298,0.0006535981042958443,0.0014165683484783297
219,1.0,tensor(0.8997),0.9032999652226766,tensor(0.1003),0.09670003477732336,-0.0003835091665897747,0.0006278600610499109,0.0011862166374431628
220,1.0,tensor(0.8995),0.8940469946861267,tensor(0.1005),0.1059530053138733,-0.00010281982349656653,0.0006854389919815874,0.000894331833788831
221,1.0,tensor(0.9050),0.9056952562332153,tensor(0.0950),0.09430474376678466,-0.00014290102818376272,0.0004697655407696019,0.001338135076457994
222,1.0,tensor(0.9034),0.8989011809031169,tensor(0.0966),0.10109881909688312,-0.0004031215576422319,0.0006287063929424923,0.0013889494564858053
223,1.0,tensor(0.9032),0.9107565929094951,tensor(0.0968),0.08924340709050493,-0.0003140987430029271,0.0006544031295438081,0.0013121400543472223
224,1.0,tensor(0.8742),0.7793828121821086,tensor(0.1258),0.2206171878178914,-0.0014957042018752219,0.0008373641138535181,0.0010492312224794245
225,1.0,tensor(0.8549),0.8933056729634603,tensor(0.1451),0.1066943270365397,0.0011889100680577062,0.0010157727899738763,0.0006904345089324603
226,1.0,tensor(0.8969),0.9071141209602356,tensor(0.1031),0.09288587903976442,-0.0008183616815428985,0.0006461122037294544,0.001029702468137992
227,1.0,tensor(0.9022),0.9075726029078166,tensor(0.0978),0.0924273970921834,-4.7944039794649076e-05,0.0006049074964383244,0.001050856818314315
228,1.0,tensor(0.9082),0.9106618920962016,tensor(0.0918),0.08933810790379837,-0.00023275548686975972,0.0004655557545186942,0.0012568299420047224
229,1.0,tensor(0.9069),0.8960524102846782,tensor(0.0931),0.10394758971532181,-0.0003941575772406762,0.0005452563195277483,0.0014498951145235383
230,1.0,tensor(0.9040),0.9098268133799235,tensor(0.0960),0.09017318662007645,-1.6304006822011026e-05,0.0005680776349434206,0.0013220963284471317
231,1.0,tensor(0.9085),0.893486963113149,tensor(0.0915),0.10651303688685099,-8.080481251358594e-06,0.0005406673583369284,0.001582332383342937
232,1.0,tensor(0.9058),0.9048923177719116,tensor(0.0942),0.09510768222808841,9.722382589978607e-06,0.0005572016406135765,0.0016392384933699904
233,1.0,tensor(0.9073),0.9112974599202474,tensor(0.0927),0.08870254007975265,-0.00041076598592968495,0.0005811184079656686,0.0014931137584019126
234,1.0,tensor(0.9089),0.9045325287183126,tensor(0.0911),0.09546747128168742,-0.00040810187694436886,0.000514052599799462,0.001702269305769158
235,1.0,tensor(0.9038),0.9006274935404459,tensor(0.0962),0.09937250645955409,-0.00018989149039088372,0.0005694807730620166,0.001699161629650023
236,1.0,tensor(0.9045),0.8988048245112101,tensor(0.0955),0.10119517548878987,-3.646046817792874e-05,0.0006352039269499743,0.0013486226567214258
237,1.0,tensor(0.8921),0.9046099076271057,tensor(0.1079),0.09539009237289431,-0.00014287463481346015,0.0006704035873428693,0.001344988478772473
238,1.0,tensor(0.8898),0.8732207206090291,tensor(0.1102),0.1267792793909709,-0.0003985103243725015,0.0007562276295722465,0.0007522212044711699
239,1.0,tensor(0.8468),0.8826106187502543,tensor(0.1532),0.11738938124974574,-0.00015625886070100886,0.001372849043513589,0.0006055224887503867
240,1.0,tensor(0.8986),0.8966304629643758,tensor(0.1014),0.10336953703562424,-0.00019996134162341293,0.0006647461933091124,0.0009568243824893184
241,1,tensor(0.9026),0.9059550669987997,tensor(0.0974),0.09404493300120031,-0.00010170303762628975,0.0004856578048000046,0.0011737513782358482
242,1,tensor(0.8970),0.8832329045931498,tensor(0.1030),0.11676709540685015,-0.0001946701263950672,0.000677841116670048,0.0009089767686336448
243,1,tensor(0.8922),0.8955406912167867,tensor(0.1078),0.1044593087832133,-4.709197658833051e-05,0.0006027145043147181,0.0009010065084960508
244,1,tensor(0.8986),0.907672116915385,tensor(0.1014),0.09232788308461504,1.954775664285479e-05,0.0005774680752156758,0.0011035431272660692
245,1,tensor(0.9067),0.8981469179789225,tensor(0.0933),0.10185308202107746,0.00016988783444098213,0.00047295495251603966,0.001202964239002189
246,1,tensor(0.9012),0.9049777671496073,tensor(0.0988),0.09502223285039268,-7.244674105140004e-05,0.00048661599117040647,0.0013269094941778142
247,1,tensor(0.8960),0.890590412457784,tensor(0.1040),0.10940958754221597,-0.00013804766548421692,0.0005753656736400396,0.0011850732380622312
248,1,tensor(0.8966),0.9069281962712605,tensor(0.1034),0.09307180372873947,6.0410102294235114e-05,0.0004868238571493748,0.0015220979569937315
249,1,tensor(0.9079),0.9067577908833822,tensor(0.0921),0.09324220911661785,-4.122467762201204e-05,0.0004908927577191463,0.001474848193018452
250,1,tensor(0.9082),0.8988510171572367,tensor(0.0918),0.1011489828427633,-0.00013117343201220297,0.0005575345412166746,0.0015220221280398075
251,1,tensor(0.8889),0.8911850945154826,tensor(0.1111),0.10881490548451744,-6.021516725907037e-05,0.0005688141515095898,0.0016790312214248013
252,1,tensor(0.8617),0.8866106441815694,tensor(0.1383),0.11338935581843057,-0.0004188115086764906,0.000822849314243772,0.001148029984693909
253,1,tensor(0.8939),0.8975088432629903,tensor(0.1061),0.1024911567370097,9.926345073127824e-05,0.000495549446895239,0.001505562177140331
254,1,tensor(0.8985),0.9077710518836976,tensor(0.1015),0.09222894811630244,0.00012111239274861618,0.0005076739538778559,0.0016787918742844148
255,1,tensor(0.9032),0.8932755270004272,tensor(0.0968),0.10672447299957277,-5.7938070702284833e-05,0.0004695428729536089,0.0018240188578176394
256,1,tensor(0.7997),0.7885392510096232,tensor(0.2003),0.2114607489903768,-0.0004898612767768403,0.0017213149597423182,0.0008734441538986733
257,1,tensor(0.7776),0.770212593237559,tensor(0.2224),0.22978740676244103,3.975201837206362e-05,0.0018559682281376903,0.0002892619510173079
258,1,tensor(0.7974),0.8201121207873027,tensor(0.2026),0.17988787921269733,0.0002534929353747876,0.0018746494934799047,0.00024892820891711797
259,1,tensor(0.8150),0.8146849290529887,tensor(0.1850),0.18531507094701127,-0.00015920005103730784,0.0014279120831561637,0.0002400948554910556
260,1,tensor(0.8054),0.8316526122093201,tensor(0.1946),0.16834738779067993,-0.0002576367614643746,0.0014997230748363746,0.0002363372390942746
261,1,tensor(0.8286),0.8577082676887512,tensor(0.1714),0.1422917323112488,-1.2538339280964513e-05,0.0016156896446772838,0.00033634568853589724
262,1,tensor(0.8645),0.882465424378713,tensor(0.1355),0.117534575621287,0.00011426748578506114,0.001153890710523324,0.0004392919228820686
263,1,tensor(0.8737),0.8731562498410543,tensor(0.1263),0.12684375015894567,-0.0002830984160026307,0.0010194884405349065,0.0004121363674364004
264,1,tensor(0.8799),0.8849425932566325,tensor(0.1201),0.11505740674336751,-0.0003865633507733021,0.0007361853729704914,0.000507784986149585
265,1,tensor(0.8802),0.8819346714019776,tensor(0.1198),0.11806532859802243,-0.00013589118636343954,0.0007501229939041702,0.0005426681563625798
266,1,tensor(0.8709),0.8755234869321188,tensor(0.1291),0.12447651306788121,-3.2783132360986715e-05,0.0008750841860680913,0.00046985575340263415
267,1,tensor(0.8743),0.8856048285166422,tensor(0.1257),0.11439517148335776,-0.00017201379177328037,0.0009482341222588937,0.00046218546653950684
268,1,tensor(0.8810),0.8833883450826009,tensor(0.1190),0.11661165491739911,-0.0001565425252182442,0.0009018199049192334,0.0004538188994118715
269,1,tensor(0.8763),0.888455238978068,tensor(0.1237),0.111544761021932,5.419366501206369e-05,0.0008746626677698579,0.00044452925005176086
270,1,tensor(0.8196),0.8000260852177938,tensor(0.1804),0.19997391478220616,-0.0006023250986299101,0.0017854885355230643,0.00023900045268646065
271,1,tensor(0.8527),0.8355343887011211,tensor(0.1473),0.16446561129887893,-0.00021348160857808564,0.0012235122590330784,0.0003302082457873774
272,1,tensor(0.8716),0.8406025754610698,tensor(0.1284),0.15939742453893024,-3.730003325791474e-05,0.0009213467609378904,0.0003556164325615228
273,1,tensor(0.8831),0.897621327718099,tensor(0.1169),0.102378672281901,5.0970138184391286e-05,0.000813279825679984,0.0004284902874935876
274,1,tensor(0.8665),0.8869987603823344,tensor(0.1335),0.11300123961766562,-0.0001005558757082837,0.0012448420061247113,0.0003582601036647694
275,1,tensor(0.8867),0.8792518105506897,tensor(0.1133),0.12074818944931032,4.424334884408796e-05,0.0009086374181475117,0.0004427468804356626
276,1,tensor(0.8865),0.8913874077796936,tensor(0.1135),0.10861259222030639,-0.00013344235794686125,0.0009547846104355573,0.0004610932998669644
277,1,tensor(0.8921),0.8994608445167541,tensor(0.1079),0.10053915548324588,2.2435071061185576e-05,0.0006617429449808633,0.0005585148992882878
278,1,tensor(0.8799),0.8749806332588196,tensor(0.1201),0.12501936674118042,-0.0003593392940564898,0.0007080483365624818,0.0006427877508430628
279,1,tensor(0.8787),0.8963223544756571,tensor(0.1213),0.10367764552434289,-9.317833705682189e-05,0.0007790255730323735,0.0006974045838997291
280,1,tensor(0.8823),0.8700129737854004,tensor(0.1177),0.12998702621459957,-0.0003135788010932677,0.0006052662181090247,0.0006961678476644713
281,1,tensor(0.8455),0.8465911494890849,tensor(0.1545),0.15340885051091513,-0.00016985206518387586,0.0010497813808928776,0.0006377378371993504
282,1,tensor(0.8663),0.886964595635732,tensor(0.1337),0.11303540436426796,6.349693639653228e-05,0.0008893769104078066,0.0005711162943319466
283,1,tensor(0.8689),0.8710430301030477,tensor(0.1311),0.12895696989695227,-0.00011843027673629031,0.0008149064057177368,0.0005979961975959636
284,1,tensor(0.8609),0.8622438732783,tensor(0.1391),0.1377561267217,-6.172641728577825e-05,0.0009429928092989493,0.0005508873561609602
285,1,tensor(0.8627),0.8818995634714762,tensor(0.1373),0.11810043652852376,0.00010477665201515744,0.0009672693040225136,0.0005087409231305253
286,1,tensor(0.8929),0.8997754405339559,tensor(0.1071),0.10022455946604414,-8.520279778984555e-05,0.000666770150136392,0.0007893492854200303
287,1,tensor(0.8953),0.9075705045064291,tensor(0.1047),0.09242949549357093,-7.425432273732058e-05,0.0006362122357397806,0.0008551367728382741
288,1,tensor(0.9095),0.9107175947825114,tensor(0.0905),0.08928240521748865,-0.00011093024703063348,0.000539140468128456,0.0009845873584905477
289,1,tensor(0.9053),0.8967572976748148,tensor(0.0947),0.10324270232518518,-0.000360717157294602,0.0005739300100770284,0.0011120476909226885
290,1,tensor(0.8788),0.8444121174812317,tensor(0.1212),0.15558788251876832,-0.0002673645243395871,0.0006874833115167157,0.0009874428742189419
291,1,tensor(0.8737),0.8813663821220398,tensor(0.1263),0.11863361787796023,0.00025394511086083266,0.0006569121934619688,0.0006544412132270896
292,1,tensor(0.8830),0.898842291355133,tensor(0.1170),0.10115770864486695,7.507607561389082e-08,0.0005402137526766717,0.0006849457098604098
293,1,tensor(0.8895),0.8849507112503052,tensor(0.1105),0.11504928874969478,-0.0002568706712295432,0.0007630218152414288,0.0006194739639268894
294,1,tensor(0.8867),0.8969778811136881,tensor(0.1133),0.10302211888631185,-6.537339261277546e-06,0.000552705261328659,0.0006750456646509599
295,1,tensor(0.8947),0.8837983179092407,tensor(0.1053),0.11620168209075932,-0.00020134035074315443,0.0005600256154230489,0.0007611791130661833
296,1,tensor(0.8950),0.9002505025863647,tensor(0.1050),0.09974949741363526,-8.500771838027919e-06,0.000598225930509088,0.0007565476076367001
297,1,tensor(0.8878),0.8695658402442932,tensor(0.1122),0.13043415975570682,-0.0003986514063404971,0.0008370923648453914,0.00059107060427369
298,1,tensor(0.8794),0.9005007036526997,tensor(0.1206),0.09949929634730026,0.00010967822852054316,0.0007399240823419699,0.0005053685496463195
299,1,tensor(0.8895),0.8804226495424906,tensor(0.1105),0.11957735045750939,-0.00012754420224952987,0.0004904836775701066,0.0006398600049300544
300,1,tensor(0.8864),0.8906342625617981,tensor(0.1136),0.10936573743820188,-4.183033348485958e-06,0.000625473002456817,0.0006229760783659131
